Adallinda,f
Adaltrude,f
Adelheid,f
Alpaida,f
Alpais,f
Ansgard,f
Aubirge,f
Audofleda,f
Baldechildis,f
Basina,f
Begga,f
Berenga,f
Bertha,f
Bertrada,f
Burgundefara,f
Clothild,f
Eadgithu,f
Emma,f
Engelberga,f
Ermengard,f
Ermentrudis,f
Fara,f
Fastrada,f
Foy,f
Genofeva,f
Gersvinda,f
Gisela,f
Gudula,f
Gudule,f
Gundrada,f
Herleva,f
Hildegard,f
Hildegarde,f
Hildegund,f
Hiltrude,f
Hodierna,f
Ingeltrude,f
Ingeltrudis,f
Joveta,f
Liobsynde,f
Liutgarde,f
Madelgarde,f
Mechtild,f
Moschia,f
Nantechildis,f
Oda,f
Ogiva,f
Plectrudis,f
Radogund,f
Rosamund,f
Rothaide,f
Rotrude,f
Rotrudis,f
Ruothilde,f
Theodelinda,f
Theoderada,f
Theutberga,f
Waldrada,f
Adaltrude,f
Adallind,f
Adallinda,f
Adelhaid,f
Adda,f
Albofleda,f
Alpaide,f
Alpais,f
Aregund,f
Aude,f
Audofleda,f
Audovera,f
Austrechild,f
Atula,f
Athalia,f
Adele,f
Baldechildis,f
Basina,f
Bave,f
Berchildis,f
Begga,f
Beretrude,f
Bertha,f
Berthe,f
Berthefled,f
Berthefried,f
Berthegund,f
Bertoane,f
Bertrada,f
Bilichildis,f
Blesinde,f
Brunhild,f
Brunhilda,f
Fastrada,f
Chlodeswinthe,f
Chlodosind,f
Chlothsinda,f
Chrodechildis,f
Chrodtrude,f
Clotild,f
Clotilde,f
Chunsina,f
Cunegonde,f
Kunegund,f
Cunegundis,f
Cunegund,f
Deuteria,f
Ealswid,f
Ellinrat,f
Engelberge,f
Ingelburga,f
Engeltrude,f
Ermenberga,f
Ermengarde,f
Ermentrudis,f
Faileuba,f
Fastrada,f
Fredegunde,f
Galswinth,f
Gersvinda,f
Gisela,f
Gundrada,f
Gundradis,f
Gomatrudis,f
Goiswinth,f
Gundrade,f
Guntheuc,f
Gunza,f
Hamesindis,f
Hatilde,f
Hildeburg,f
Hildegarde,f
Hiltrude,f
Himiltrud,f
Ingeltrud,f
Ingitrude,f
Ingoberg,f
Ingunde,f
Irmgard,f
Irmingard,f
Itta,f
Lanthechilde,f
Leubast,f
Leubovera,f
Liutgarde,f
Luitgarde,f
Magnatrude,f
Marcatrude,f
Marcovefa,f
Madelgarde,f
Madelgarda,f
Merofled,f
Merwig,f
Nantechildis,f
Radegund,f
Ragnachilde,f
Regintrude,f
Regnetrudis,f
Rigunth,f
Rosamund,f
Rotrud,f
Ruodhaid,f
Ruothild,f
Ruothilde,f
Rothaide,f
Rotrude,f
Swanahilde,f
Teutberga,f
Theoderada,f
Theodrada,f
Theodelinda,f
Theodrade,f
Theudechild,f
Theudelinde,f
Ultrogotha,f
Veneranda,f
Vuldretrada,f
Vulfegundis,f
Wisigard,f
Adaldrida,f
Alfrida,f
Amalda,f
Amanda,f
Amaranth,f
Amethyst,f
Angelica,f
Arabella,f
Asphodel,f
Belba,f
Belinda,f
Bellisima,f
Bell,f
Belladonna,f
Bertha,f
Berylla,f
Camelia,f
Cara,f
Caramella,f
Celendine,f
Cora,f
Cornelia,f
Chica,f
Daisy,f
Diamanda,f
Diamond,f
Dina,f
Donnamira,f
Dora,f
Duenna,f
Eglantine,f
Elanor,f
Esmeralda,f
Estella,f
Fatima,f
Gerda,f
Gilly,f
Gloriana,f
Goldilocks,f
Grimalda,f
Hilda,f
Jasmine,f
Jemima,f
Jessamine,f
Lalia,f
Laura,f
Lavinia,f
Lily,f
Linda,f
Lobelia,f
Malva,f
Marigold,f
Mantissa,f
Matilda,f
Maxima,f
May,f
Melba,f
Melilot,f
Melissa,f
Menegilda,f
Mentha,f
Mimosa,f
Mirabella,f
Miranda,f
Myrtle,f
Nina,f
Nora,f
Pamphila,f
Pandora,f
Pansy,f
Pearl,f
Peony,f
Pervinca,f
Pimpernel,f
Poppy,f
Prima,f
Primrose,f
Primula,f
Prisca,f
Regina,f
Rhoda,f
Robinia,f
Rosa,f
Rosamunda,f
Rose,f
Rowan,f
Ruby,f
Salvia,f
Savanna,f
Selina,f
Semolina,f
Tanta,f
Yolanda,f
Abigail,f
Alexandra,f
Alexandria,f
Alexis,f
Alia,f
Alicia,f
Allison,f
Alura,f
Alyssa,f
Amanda,f
Amber,f
Amy,f
Andrea,f
Angela,f
Anna,f
Autumn,f
Bailey,f
Brianna,f
Brittany,f
Brooke,f
Caitlin,f
Calamity,f
Caroline,f
Cassandra,f
Catherine,f
Chelsea,f
Cheryl,f
Cheyenne,f
Christina,f
Cori,f
Courtney,f
Danielle,f
Darby,f
Deirdre,f
Delaney,f
Destiny,f
Devin,f
Diana,f
Donna,f
Elizabeth,f
Ellie,f
Emily,f
Emma,f
Erica,f
Erin,f
Esmee,f
Fallon,f
Fiona,f
Gabrielle,f
Ginelle,f
Grace,f
Haley,f
Hannah,f
Heather,f
Iridian,f
Jacqueline,f
Jasmine,f
Jenna,f
Jennifer,f
Jessica,f
Jordan,f
Julia,f
Kaitlyn,f
Katherine,f
Katie,f
Kayla,f
Keena,f
Keira,f
Kelsey,f
Kestrel,f
Kiley,f
Kimberly,f
Kristen,f
Kymma,f
Laura,f
Lauren,f
Leesha,f
Lenora,f
Lindsey,f
Llewella,f
Mackenzie,f
Madeline,f
Madison,f
Maria,f
Mariah,f
Marissa,f
Mary,f
Megan,f
Melissa,f
Michelle,f
Mindy,f
Miranda,f
Moira,f
Molly,f
Monica,f
Morgan,f
Myrna,f
Natalie,f
Neela,f
Nicole,f
Nora,f
Olivia,f
Paige,f
Rachel,f
Rebecca,f
Roslyn,f
Rowan,f
Ryan,f
Rylee,f
Sabrina,f
Saffron,f
Samantha,f
Sarah,f
Sarai,f
Savannah,f
Scarlet,f
Sestiva,f
Shanna,f
Shannon,f
Shawna,f
Shelby,f
Sierra,f
Sophie,f
Stephanie,f
Suri,f
Sydney,f
Tabitha,f
Tara,f
Taryn,f
Tasha,f
Tatiana,f
Tavia,f
Taylor,f
Terri,f
Tiffany,f
Vanessa,f
Victoria,f
Adalard,m
Adalbert,m
Adalhaid,m
Adalolf,m
Ageric,m
Agilfride,m
Agiulf,m
Alberic,m
Amand,m
Andica,m
Angilbert,m
Engilbert,m
Ansegisel,m
Ansovald,m
Aregisel,m
Arnegisel,m
Arnold,m
Arnulf,m
Audovald,m
Austregisel,m
Badegisel,m
Balderic,m
Baldrick,m
Baudry,m
Berengar,m
Berenger,m
Bernhard,m
Bernard,m
Bero,m
Berthefried,m
Bertram,m
Burchard,m
Carloman,m
Chararic,m
Charibert,m
Childebert,m
Childebrand,m
Childeric,m
Chilperic,m
Chlodomer,m
Chramnesind,m
Clodio,m
Chlodion,m
Cloud,m
Clovis,m
Chlodwig,m
Conrad,m
Corbus,m
Dagobert,m
Dagaric,m
Drogo,m
Drogon,m
Durand,m
Eberhard,m
Evrard,m
Eberulf,m
Ebregisel,m
Emmon,m
Engelbert,m
Egide,m
Eracle,m
Erard,m
Erenfried,m
Euric,m
Farabert,m
Floribert,m
Fulcaire,m
Gararic,m
Garivald,m
Gerbert,m
Gerold,m
Giselbert,m
Gilbert,m
Godomar,m
Gondulph,m
Grimald,m
Grimoald,m
Griffon,m
Guido,m
Wido,m
Gundobad,m
Gundovald,m
Gunthar,m
Guntram,m
Hartgard,m
Hartmut,m
Hartnid,m
Heribert,m
Hildebald,m
Hubert,m
Imnachar,m
Ingelram,m
Enguerrand,m
Ingomer,m
Ingund,m
Lambert,m
Leudast,m
Leuthard,m
Lothar,m
Magnachar,m
Magneric,m
Malaric,m
Marachar,m
Marcomir,m
Meginhard,m
Merovech,m
Monulph,m
Munderic,m
Nevelung,m
Nibelung,m
Nithard,m
Notger,m
Odilon,m
Odo,m
Otbert,m
Otto,m
Otton,m
Otker,m
Pippin,m
Pepin,m
Ramnulf,m
Rathar,m
Rathier,m
Ratold,m
Reginar,m
Reginard,m
Remacle,m
Ricbodo,m
Ricchar,m
Richer,m
Ricfried,m
Rigunth,m
Samson,m
Sichar,m
Siegfried,m
Sigefroy,m
Sigeric,m
Sigibert,m
Sigismund,m
Sunnegisil,m
Sunno,m
Tassilo,m
Theodard,m
Theodebert,m
Theodemir,m
Theodon,m
Theodoric,m
Thierry,m
Theodore,m
Theodwin,m
Theudebald,m
Theuderic,m
Unroch,m
Wala,m
Waleran,m
Walcaud,m
Waltgaud,m
Wazo,m
Werinbert,m
Willichar,m
Wolbodo,m
Wulfhard,m
Zwentibold,m
Abbo,m
Adalbert,m
Adaldag,m
Adalhard,m
Adelard,m
Aega,m
Agilbert,m
Agobard,m
Aigulf,m
Alberic,m
Allowin,m
Amalricus,m
Amand,m
Amator,m
Angegisis,m
Angilbart,m
Angilbert,m
Anno,m
Ansegisel,m
Anskar,m
Arbitio,m
Arbogast,m
Arbogastes,m
Arculf,m
Arnoul,m
Arnulf,m
Artaud,m
Asselin,m
Atacinus,m
Audoen,m
Audomar,m
Audoneus,m
Audramnus,m
Baugulf,m
Bauto,m
Bavo,m
Benild,m
Berchar,m
Berengar,m
Bernard,m
Berno,m
Bero,m
Bertelis,m
Berthaire,m
Bertin,m
Bertulf,m
Besso,m
Birinus,m
Blutmund,m
Boso,m
Bovo,m
Brice,m
Britius,m
Brocard,m
Bruno,m
Burchard,m
Butilin,m
Carloman,m
Cassyon,m
Ceufroy,m
Charibert,m
Charles,m
Cheldric,m
Childebert,m
Childebrand,m
Childeric,m
Chilperic,m
Chlodmer,m
Chlodowig,m
Chlotar,m
Chrodegang,m
Clodomir,m
Clotaire,m
Clothair,m
Clovis,m
Corbinian,m
Cyr,m
Cyricus,m
Dado,m
Dagobert,m
Dalfin,m
Dodo,m
Dreux,m
Drogo,m
Dudon,m
Ebbo,m
Ebroin,m
Ebrulf,m
Einhard,m
Emme,m
Emmeran,m
Engilbert,m
Enurchus,m
Erchinoald,m
Evroul,m
Evroult,m
Fardulf,m
Faro,m
Flodoard,m
Folcard,m
Folmar,m
Fredegar,m
Fridolin,m
Fridugis,m
Fulbert,m
Fulk,m
Fulrad,m
Gerbert,m
Gereon,m
Gerold,m
Gifemund,m
Giseler,m
Giso,m
Godobald,m
Godun,m
Goisfrid,m
Goscelin,m
Gouzlim,m
Gozbert,m
Gozolon,m
Grifo,m
Grimald,m
Grimbald,m
Gunthar,m
Guntramn,m
Hagen,m
Halinard,m
Hartmut,m
Helinand,m
Helisachar,m
Heribert,m
Hildebald,m
Hildebold,m
Hildeprand,m
Hilduin,m
Hincmar,m
Hlodver,m
Huebald,m
Humbert,m
Hunald,m
Imbert,m
Imninon,m
Jocelin,m
Lambert,m
Lanfranc,m
Laudus,m
Lebuin,m
Ledger,m
Leger,m
Leodegar,m
Letard,m
Leufred,m
Leufroy,m
Leutfrid,m
Leuthere,m
Liudhard,m
Liudolf,m
Lo,m
Lothar,m
Lul,m
Lull,m
Maiuel,m
Maixent,m
Majorian,m
Mallobaudes,m
Mansuetus,m
Maraulf,m
Marcoul,m
Matfrid,m
Mauger,m
Medard,m
Meginhard,m
Merobaudes,m
Merovech,m
Nithard,m
Norbert,m
Nordbert,m
Notker,m
Odger,m
Odo,m
Odulf,m
Omer,m
Orderic,m
Otker,m
Ouen,m
Ouus,m
Pacatian,m
Pair,m
Pancras,m
Panteleon,m
Pepin,m
Philibert,m
Piligrim,m
Pippin,m
Poppo,m
Puvis,m
Radigis,m
Ragnfred,m
Razo,m
Reginald,m
Reginar,m
Remi,m
Reolus,m
Richomer,m
Richomeres,m
Riquier,m
Rothad,m
Samo,m
Sergius,m
Sicho,m
Sigebert,m
Sigibert,m
Suger,m
Suidbert,m
Suidger,m
Syagrius,m
Tassilo,m
Taurin,m
Tescelin,m
Thankmar,m
Theodard,m
Theodoric,m
Theodulf,m
Theodulph,m
Theudebert,m
Theuderic,m
Theutgaud,m
Thierry,m
Thietmar,m
Turpin,m
Vedast,m
Vicelin,m
Vigor,m
Vulmar,m
Waiofar,m
Wala,m
Walaric,m
Waldolanus,m
Waltgaud,m
Wandregisel,m
Wandregisilus,m
Wandrille,m
Warmann,m
Werinbert,m
Wibert,m
Wichmann,m
Willehad,m
Willibald,m
Willibrord,m
Wulfram,m
Adelbert,m
Adelgrim,m
Adelard,m
Alaric,m
Alberic,m
Andwise,m
Ansegar,m
Arnor,m
Athanaric,m
Balbo,m
Banazir,m
Bandobras,m
Belisarius,m
Bercilac,m
Berilac,m
Bilba,m
Bilbo,m
Bilcuzal,m
Bildad,m
Bildat,m
Bingo,m
Bladud,m
Blanco,m
Bucca,m
Bob,m
Basso,m
Bodo,m
Bosco,m
Bowman,m
Briffo,m
Bruno,m
Brutus,m
Bungo,m
Caradas,m
Caradoc,m
Carambo,m
Carl,m
Cedivar,m
Celedor,m
Ceredic,m
Cerdic,m
Columbus,m
Conrad,m
Cosimo,m
Cotman,m
Cottar,m
Crassus,m
Crispus,m
Deagol,m
Dinodas,m
Doderic,m
Dodinas,m
Drogo,m
Dudo,m
Elfstan,m
Erling,m
Everard,m
Falco,m
Faramir,m
Faramond,m
Fastred,m
Fastolph,m
Ferdinand,m
Ferumbras,m
Filibert,m
Flambard,m
Flavus,m
Folcard,m
Folco,m
Fortinbras,m
Fosco,m
Fredegar,m
Frodo,m
Fulvus,m
Gerontius,m
Goodwill,m
Gorhendad,m
Gorbadoc,m
Gorbaduc,m
Gorbulas,m
Gormadoc,m
Griffo,m
Gringamor,m
Grossman,m
Gruffo,m
Guido,m
Gundabald,m
Gundahar,m
Gundobad,m
Gundolpho,m
Habaccuc,m
Haiduc,m
Hal,m
Halfred,m
Hamfast,m
Hamilcar,m
Harding,m
Hending,m
Heribald,m
Herugar,m
Hildibrand,m
Hildigard,m
Hildifons,m
Hildigrim,m
Hob,m
Hobson,m
Holfast,m
Holman,m
Hugo,m
Ilberic,m
Iago,m
Inigo,m
Iolo,m
Isembard,m
Isembold,m
Isengar,m
Isengrim,m
Isengrin,m
Isumbras,m
Jago,m
Jo,m
Jolly,m
Kalimac,m
Lamorac,m
Largo,m
Longo,m
Lotho,m
Madoc,m
Magnus,m
Marcho,m
Marco,m
Marcus,m
Marmadoc,m
Marmaduc,m
Marmaduke,m
Marroc,m
Matta,m
Mattalic,m
Maura,m
Melampus,m
Meneaduc,m
Marmadas,m
Meriadoc,m
Merimac,m
Merimas,m
Merry,m
Milo,m
Minto,m
Moro,m
Mosco,m
Mungo,m
Nahand,m
Nob,m
Nibs,m
Nicol,m
Nick,m
Obo,m
Odo,m
Odovacar,m
Olo,m
Orgulas,m
Orlando,m
Otho,m
Peregrin,m
Pippin,m
Polo,m
Ponto,m
Porro,m
Posco,m
Priamus,m
Prospero,m
Ranugad,m
Razanur,m
Reginard,m
Robin,m
Robur,m
Roderic,m
Rollo,m
Rorimac,m
Rudibert,m
Rudigar,m
Rudolph,m
Rufus,m
Sadoc,m
Sago,m
Samlad,m
Samwise,m
Sancho,m
Sagramor,m
Saradas,m
Saradoc,m
Scudamor,m
Seredic,m
Sigismond,m
Smeagol,m
Ted,m
Theobald,m
Theodoric,m
Timba,m
Tim,m
Timothy,m
Tobias,m
Tobold,m
Togo,m
Tolman,m
Tomba,m
Tomburan,m
Tomacca,m
Trahand,m
Uffo,m
Valdemar,m
Vigo,m
Wilcome,m
Wilibald,m
Wilimar,m
Will,m
Wiseman,m